,1515,1557,1461,1403,1418,1579,1271,1238,1502,1184,1172,1290,1222,1204,1380,1599,1225,1105,1180,1098,1309,1104,1467,1278,1168,1351,1200,1294,1145,1071,1254,1220,1606,1086,1381,1090,1247,1237,1394,1119,1159,1298,1107,1507,1116,995,1349,1250,1205,1146,1456,1221,1549,1078,1440,1414,1379,1244,1100,1198,1207,996,1096,1157,1534,1536,1030,1558,1263,1340,991,1273,1541,1132,1224,1539,1535,1124,1352,1346,1012,1266,1228,1570,1597,1112,1095,1111,1413,1126,1268,1270,1311,1265
0,五色糯米饭(七色),水煮鱼,凉拌菠菜,焖猪手,辣炒鱿鱼,凉拌菠菜,五色糯米饭(七色),凉拌菠菜,水煮鱼,五色糯米饭(七色),五色糯米饭(七色),谷稻小庄,凉拌菠菜,五色糯米饭(七色),西瓜胡萝卜沙拉,西瓜胡萝卜沙拉,五色糯米饭(七色),谷稻小庄,凉拌菠菜,五色糯米饭(七色),凉拌菠菜,凉拌菠菜,五色糯米饭(七色),爆炒鸡翅,五色糯米饭(七色),谷稻小庄,水煮鱼,五色糯米饭(七色),自制猪肉脯,五色糯米饭(七色),凉拌菠菜,凉拌菠菜,谷稻小庄,五色糯米饭(七色),辣炒鱿鱼,五色糯米饭(七色),凉拌菠菜,凉拌菠菜,谷稻小庄,五色糯米饭(七色),谷稻小庄,凉拌菠菜,凉拌菠菜,凉拌菠菜,凉拌菠菜,五色糯米饭(七色),五色糯米饭(七色),五色糯米饭(七色),水煮鱼,香酥两吃大虾,焖猪手,谷稻小庄,凉拌菠菜,五色糯米饭(七色),五色糯米饭(七色),谷稻小庄,凉拌菠菜,辣炒鱿鱼,五色糯米饭(七色),冰糖红豆薏米粥,五色糯米饭(七色),五色糯米饭(七色),凉拌菠菜,凉拌菠菜,五色糯米饭(七色),谷稻小庄,凉拌菠菜,水煮鱼,五色糯米饭(七色),自制猪肉脯,五色糯米饭(七色),香酥两吃大虾,谷稻小庄,五色糯米饭(七色),水煮鱼,水煮鱼,五色糯米饭(七色),凉拌菠菜,五色糯米饭(七色),五色糯米饭(七色),谷稻小庄,凉拌菠菜,五色糯米饭(七色),凉拌菠菜,谷稻小庄,凉拌菠菜,凉拌菠菜,谷稻小庄,五色糯米饭(七色),凉拌菠菜,辣炒鱿鱼,谷稻小庄,凉拌菠菜,谷稻小庄
1,凉拌菠菜,自制猪肉脯,谷稻小庄,凉拌菠菜,谷稻小庄,水煮鱼,辣炒鱿鱼,芹菜炒腰花,谷稻小庄,辣炒鱿鱼,辣炒鱿鱼,凉拌菠菜,谷稻小庄,凉拌菠菜,凉拌菠菜,辣炒鱿鱼,香酥两吃大虾,凉拌菠菜,谷稻小庄,凉拌菠菜,盘蟹蒸蛋,五色糯米饭(七色),水煮鱼,谷稻小庄,水煮鱼,凉拌菠菜,辣炒鱿鱼,水煮鱼,谷稻小庄,谷稻小庄,辣炒鱿鱼,水煮鱼,水煮鱼,谷稻小庄,五色糯米饭(七色),谷稻小庄,香酥两吃大虾,自制猪肉脯,芝士烩波士顿龙虾,凉拌菠菜,辣炒鱿鱼,五色糯米饭(七色),谷稻小庄,谷稻小庄,自制猪肉脯,水煮鱼,谷稻小庄,水煮鱼,辣炒鱿鱼,自制猪肉脯,爆炒猪肝,水煮鱼,谷稻小庄,谷稻小庄,桂圆肉红豆八宝饭,五色糯米饭(七色),水煮鱼,五色糯米饭(七色),凉拌菠菜,桂圆肉红豆八宝饭,水煮鱼,凉拌菠菜,五色糯米饭(七色),谷稻小庄,水煮鱼,凉拌菠菜,五色糯米饭(七色),谷稻小庄,谷稻小庄,水煮鱼,谷稻小庄,五色糯米饭(七色),凉拌菠菜,谷稻小庄,五色糯米饭(七色),谷稻小庄,凉拌菠菜,五色糯米饭(七色),辣炒鱿鱼,辣炒鱿鱼,凉拌菠菜,五色糯米饭(七色),凉拌菠菜,香酥两吃大虾,五色糯米饭(七色),五色糯米饭(七色),五色糯米饭(七色),凉拌菠菜,凉拌菠菜,谷稻小庄,水煮鱼,凉拌菠菜,自制猪肉脯,五色糯米饭(七色)
2,水煮鱼,辣炒鱿鱼,西瓜胡萝卜沙拉,芝士烩波士顿龙虾,五色糯米饭(七色),谷稻小庄,凉拌菠菜,五色糯米饭(七色),清爽拌凉面,水煮鱼,谷稻小庄,辣炒鱿鱼,五色糯米饭(七色),谷稻小庄,意文柠檬汁,谷稻小庄,辣炒鱿鱼,水煮鱼,五色糯米饭(七色),水煮鱼,辣炒鱿鱼,水煮鱼,自制猪肉脯,水煮鱼,蒙古烤羊腿,五色糯米饭(七色),凉拌菠菜,辣炒鱿鱼,香酥两吃大虾,凉拌菠菜,自制猪肉脯,五色糯米饭(七色),芝士烩波士顿龙虾,凉拌菠菜,凉拌菠菜,凉拌菠菜,辣炒鱿鱼,水煮鱼,五色糯米饭(七色),谷稻小庄,五色糯米饭(七色),自制猪肉脯,五色糯米饭(七色),香酥两吃大虾,五色糯米饭(七色),辣炒鱿鱼,番茄炖牛腩,辣炒鱿鱼,凉拌菠菜,辣炒鱿鱼,谷稻小庄,凉拌菠菜,水煮鱼,辣炒鱿鱼,番茄甘蓝,凉拌菠菜,谷稻小庄,水煮鱼,谷稻小庄,爆炒猪肝,凉拌菠菜,谷稻小庄,水煮鱼,五色糯米饭(七色),凉拌菠菜,辣炒鱿鱼,芝士烩波士顿龙虾,辣炒鱿鱼,凉拌菠菜,五色糯米饭(七色),辣炒鱿鱼,谷稻小庄,辣炒鱿鱼,水煮鱼,凉拌菠菜,五色糯米饭(七色),桂圆肉红豆八宝饭,谷稻小庄,水煮鱼,谷稻小庄,水煮鱼,芝士烩波士顿龙虾,自制猪肉脯,五色糯米饭(七色),芝士烩波士顿龙虾,谷稻小庄,水煮鱼,五色糯米饭(七色),辣炒鱿鱼,五色糯米饭(七色),五色糯米饭(七色),香酥两吃大虾,水煮鱼,凉拌菠菜
3,谷稻小庄,凉拌蒜蓉西兰花,自制猪肉脯,爆炒猪肝,自制猪肉脯,五色糯米饭(七色),蒙古烤羊腿,谷稻小庄,五色糯米饭(七色),蒙古烤羊腿,水煮鱼,自制猪肉脯,蒙古烤羊腿,凉拌蒜蓉西兰花,香酥两吃大虾,凉拌菠菜,谷稻小庄,五色糯米饭(七色),爆炒猪肝,自制猪肉脯,自制猪肉脯,辣炒鱿鱼,辣炒鱿鱼,番茄有机花菜,凉拌菠菜,水煮鱼,谷稻小庄,凉拌菠菜,五色糯米饭(七色),自制猪肉脯,谷稻小庄,自制猪肉脯,凉拌菠菜,水煮鱼,自制猪肉脯,水煮鱼,五色糯米饭(七色),谷稻小庄,水煮鱼,水煮鱼,自制猪肉脯,水煮鱼,香酥两吃大虾,水煮鱼,谷稻小庄,香酥两吃大虾,番茄甘蓝,凉拌菠菜,谷稻小庄,谷稻小庄,凉拌菠菜,五色糯米饭(七色),自制猪肉脯,凉拌菠菜,番茄炖牛腩,水煮鱼,五色糯米饭(七色),谷稻小庄,水煮鱼,五色糯米饭(七色),蒙古烤羊腿,水煮鱼,谷稻小庄,香酥两吃大虾,凉拌蒜蓉西兰花,香酥两吃大虾,辣炒鱿鱼,凉拌菠菜,辣炒鱿鱼,谷稻小庄,香酥两吃大虾,水煮鱼,水煮鱼,凉拌菠菜,辣炒鱿鱼,自制猪肉脯,谷稻小庄,水煮鱼,凉拌菠菜,凉拌菠菜,香酥两吃大虾,谷稻小庄,谷稻小庄,自制猪肉脯,辣炒鱿鱼,辣炒鱿鱼,辣炒鱿鱼,芝士烩波士顿龙虾,谷稻小庄,辣炒鱿鱼,自制猪肉脯,水煮鱼,香酥两吃大虾,麻辣小龙虾
4,香菇鹌鹑蛋,凉拌菠菜,水煮鱼,水煮鱼,凉拌菠菜,自制猪肉脯,剁椒鱼头,剁椒鱼头,爆炒双丝,自制猪肉脯,凉拌菠菜,焖猪手,芝士烩波士顿龙虾,自制猪肉脯,番茄炖牛腩,芝士烩波士顿龙虾,自制猪肉脯,辣炒鱿鱼,香酥两吃大虾,谷稻小庄,清蒸蝶鱼,谷稻小庄,凉拌菠菜,桂圆肉红豆八宝饭,自制猪肉脯,香酥两吃大虾,五色糯米饭(七色),香酥两吃大虾,凉拌菠菜,辣炒鱿鱼,香酥两吃大虾,芝士烩波士顿龙虾,蒙古烤羊腿,辣炒鱿鱼,凉拌蒜蓉西兰花,辣炒鱿鱼,谷稻小庄,辣炒鱿鱼,凉拌菠菜,辣炒鱿鱼,凉拌菠菜,谷稻小庄,辣炒鱿鱼,辣炒鱿鱼,辣炒鱿鱼,自制猪肉脯,凉拌菠菜,清爽拌凉面,香酥两吃大虾,焖猪手,香酥两吃大虾,自制猪肉脯,五色糯米饭(七色),水煮鱼,清蒸海鱼,蒙古烤羊腿,香酥两吃大虾,凉拌蒜蓉西兰花,芝士烩波士顿龙虾,肉丁茄子,香酥两吃大虾,辣炒鱿鱼,辣炒鱿鱼,辣炒鱿鱼,自制猪肉脯,自制猪肉脯,谷稻小庄,自制猪肉脯,自制猪肉脯,姜葱炒花蟹,自制猪肉脯,凉拌菠菜,香酥两吃大虾,辣炒鱿鱼,凉拌蒜蓉西兰花,蒙古烤羊腿,麻辣小龙虾,自制猪肉脯,番茄炖牛腩,蛋挞,芝士烩波士顿龙虾,自制猪肉脯,芝士烩波士顿龙虾,辣炒鱿鱼,凉拌蒜蓉西兰花,水煮鱼,谷稻小庄,辣炒鱿鱼,蒙古烤羊腿,水煮鱼,香酥两吃大虾,五色糯米饭(七色),辣炒鱿鱼,水煮鱼
5,蒙古烤羊腿,香酥两吃大虾,辣炒鱿鱼,谷稻小庄,芝士烩波士顿龙虾,爆炒猪肝,芝士烩波士顿龙虾,水煮鱼,辣炒鱿鱼,芝士烩波士顿龙虾,香酥两吃大虾,西瓜胡萝卜沙拉,芹菜炒腰花,水煮鱼,谷稻小庄,水煮鱼,芝士烩波士顿龙虾,香酥两吃大虾,自制猪肉脯,香酥两吃大虾,冰糖红豆薏米粥,自制猪肉脯,凉拌蒜蓉西兰花,五色糯米饭(七色),香酥两吃大虾,蛋挞,凉拌蒜蓉西兰花,自制猪肉脯,爆炒猪肝,水煮鱼,五色糯米饭(七色),谷稻小庄,五色糯米饭(七色),自制猪肉脯,水煮鱼,香酥两吃大虾,水煮鱼,五色糯米饭(七色),蒙古烤羊腿,自制猪肉脯,水煮鱼,辣炒鱿鱼,水煮鱼,芝士烩波士顿龙虾,水煮鱼,焖猪手,蒙古烤羊腿,凉拌蒜蓉西兰花,五色糯米饭(七色),水煮鱼,水煮鱼,剁椒鱼头,香酥两吃大虾,芝士烩波士顿龙虾,水煮鱼,自制猪肉脯,芝士烩波士顿龙虾,香酥两吃大虾,蒙古烤羊腿,凉拌蒜蓉西兰花,西瓜胡萝卜沙拉,芝士烩波士顿龙虾,自制猪肉脯,水煮鱼,谷稻小庄,麻辣小龙虾,蒙古烤羊腿,芝士烩波士顿龙虾,爆炒鸡翅,西瓜胡萝卜沙拉,蒙古烤羊腿,辣炒鱿鱼,五色糯米饭(七色),香酥两吃大虾,意文柠檬汁,麻辣小龙虾,辣炒鱿鱼,辣炒鱿鱼,清蒸海鱼,香酥两吃大虾,焖猪手,芹菜炒腰花,爆炒猪肝,谷稻小庄,凉拌菠菜,香酥两吃大虾,香酥两吃大虾,香酥两吃大虾,水煮鱼,自制猪肉脯,焖猪手,自制猪肉脯,五色糯米饭(七色),香酥两吃大虾
6,蛋挞,芝士烩波士顿龙虾,五色糯米饭(七色),自制猪肉脯,剁椒鱼头,香酥两吃大虾,香酥两吃大虾,香酥两吃大虾,照烧鸡腿,香酥两吃大虾,自制猪肉脯,香酥两吃大虾,辣炒鱿鱼,香酥两吃大虾,芝士烩波士顿龙虾,清爽拌凉面,水煮鱼,凉拌蒜蓉西兰花,蒙古烤羊腿,芝士烩波士顿龙虾,水煮鱼,西瓜胡萝卜沙拉,香酥两吃大虾,南瓜枸杞小饼干,谷稻小庄,自制猪肉脯,番茄炖牛腩,芝士烩波士顿龙虾,蒙古烤羊腿,芝士烩波士顿龙虾,蒙古烤羊腿,蒙古烤羊腿,香酥两吃大虾,芝士烩波士顿龙虾,芝士烩波士顿龙虾,芝士烩波士顿龙虾,蒙古烤羊腿,香酥两吃大虾,麻辣小龙虾,香酥两吃大虾,剁椒鱼头,桂圆肉红豆八宝饭,自制猪肉脯,西瓜胡萝卜沙拉,香酥两吃大虾,蛋挞,香酥两吃大虾,芝士烩波士顿龙虾,芝士烩波士顿龙虾,凉拌菠菜,辣炒鱿鱼,凉拌蒜蓉西兰花,辣炒鱿鱼,自制猪肉脯,冰糖红豆薏米粥,冰糖红豆薏米粥,剁椒鱼头,自制猪肉脯,凉拌蒜蓉西兰花,番茄甘蓝,谷稻小庄,西瓜胡萝卜沙拉,芝士烩波士顿龙虾,自制猪肉脯,辣炒鱿鱼,五色糯米饭(七色),自制猪肉脯,香酥两吃大虾,桂圆肉红豆八宝饭,皮蛋瘦肉粥,凉拌菠菜,蒙古烤羊腿,自制猪肉脯,蛋挞,自制猪肉脯,爆炒猪肝,番茄炖牛腩,芝士烩波士顿龙虾,香酥两吃大虾,芝士烩波士顿龙虾,金玉良缘,水煮鱼,剁椒鱼头,芝士烩波士顿龙虾,水煮鱼,凉拌蒜蓉西兰花,自制猪肉脯,水煮鱼,爆炒双丝,香酥两吃大虾,爆炒猪肝,辣炒鱿鱼,谷稻小庄,剁椒鱼头
7,香酥两吃大虾,西瓜胡萝卜沙拉,焖猪手,香酥两吃大虾,麻辣小龙虾,辣炒鱿鱼,凉拌蒜蓉西兰花,爆炒猪肝,番茄有机花菜,凉拌菠菜,麻辣小龙虾,芝士烩波士顿龙虾,自制猪肉脯,桂圆肉红豆八宝饭,照烧鸡腿,自制猪肉脯,凉拌蒜蓉西兰花,自制猪肉脯,水煮鱼,蒙古烤羊腿,蒙古烤羊腿,香酥两吃大虾,芝士烩波士顿龙虾,芝士烩波士顿龙虾,辣炒鱿鱼,芝士烩波士顿龙虾,剁椒鱼头,意文柠檬汁,芝士烩波士顿龙虾,蒙古烤羊腿,水煮鱼,剁椒鱼头,剁椒鱼头,香酥两吃大虾,清蒸海鱼,自制猪肉脯,爆炒双丝,芝士烩波士顿龙虾,桂圆肉红豆八宝饭,芝士烩波士顿龙虾,香酥两吃大虾,芝士烩波士顿龙虾,凉拌蒜蓉西兰花,五色糯米饭(七色),蒙古烤羊腿,西瓜胡萝卜沙拉,自制猪肉脯,自制猪肉脯,焖猪手,蒙古烤羊腿,剁椒鱼头,意文柠檬汁,焖猪手,香酥两吃大虾,小米南瓜粥,芝士烩波士顿龙虾,桂圆肉红豆八宝饭,焖猪手,香酥两吃大虾,油焖麻辣虾,芝士烩波士顿龙虾,香烤牛排,香酥两吃大虾,芝士烩波士顿龙虾,西瓜胡萝卜沙拉,芝士烩波士顿龙虾,芹菜炒腰花,五色糯米饭(七色),水煮鱼,冰糖红豆薏米粥,麻辣小龙虾,蛋挞,西瓜胡萝卜沙拉,桂圆肉红豆八宝饭,西瓜胡萝卜沙拉,凉拌蒜蓉西兰花,自制猪肉脯,香酥两吃大虾,西瓜胡萝卜沙拉,水煮鱼,辣炒鱿鱼,爆炒猪肝,蒙古烤羊腿,爆炒猪肝,西瓜胡萝卜沙拉,自制猪肉脯,西瓜胡萝卜沙拉,自制猪肉脯,芝士烩波士顿龙虾,芝士烩波士顿龙虾,孜然羊排,焖猪手,芝士烩波士顿龙虾,芝士烩波士顿龙虾
